-- MariaDB dump 10.19  Distrib 10.4.32-MariaDB, for Win64 (AMD64)
--
-- Host: localhost    Database: db_doc_management_system
-- ------------------------------------------------------
-- Server version	10.4.32-MariaDB

/*!40101 SET @OLD_CHARACTER_SET_CLIENT=@@CHARACTER_SET_CLIENT */;
/*!40101 SET @OLD_CHARACTER_SET_RESULTS=@@CHARACTER_SET_RESULTS */;
/*!40101 SET @OLD_COLLATION_CONNECTION=@@COLLATION_CONNECTION */;
/*!40101 SET NAMES utf8mb4 */;
/*!40103 SET @OLD_TIME_ZONE=@@TIME_ZONE */;
/*!40103 SET TIME_ZONE='+00:00' */;
/*!40014 SET @OLD_UNIQUE_CHECKS=@@UNIQUE_CHECKS, UNIQUE_CHECKS=0 */;
/*!40014 SET @OLD_FOREIGN_KEY_CHECKS=@@FOREIGN_KEY_CHECKS, FOREIGN_KEY_CHECKS=0 */;
/*!40101 SET @OLD_SQL_MODE=@@SQL_MODE, SQL_MODE='NO_AUTO_VALUE_ON_ZERO' */;
/*!40111 SET @OLD_SQL_NOTES=@@SQL_NOTES, SQL_NOTES=0 */;

--
-- Table structure for table `tbl_activity_log`
--

DROP TABLE IF EXISTS `tbl_activity_log`;
/*!40101 SET @saved_cs_client     = @@character_set_client */;
/*!40101 SET character_set_client = utf8 */;
CREATE TABLE `tbl_activity_log` (
  `id` int(11) NOT NULL AUTO_INCREMENT,
  `user_id` int(11) NOT NULL,
  `action` varchar(200) NOT NULL,
  `details` text NOT NULL,
  `timestamp` timestamp NULL DEFAULT current_timestamp(),
  PRIMARY KEY (`id`)
) ENGINE=InnoDB AUTO_INCREMENT=314 DEFAULT CHARSET=utf8mb4 COLLATE=utf8mb4_general_ci;
/*!40101 SET character_set_client = @saved_cs_client */;

--
-- Dumping data for table `tbl_activity_log`
--

LOCK TABLES `tbl_activity_log` WRITE;
/*!40000 ALTER TABLE `tbl_activity_log` DISABLE KEYS */;
INSERT INTO `tbl_activity_log` VALUES (1,1,'Login','Logged in successfully.','2025-01-16 02:43:37'),(2,1,'add_user','Added user: Kim Sour (kim.sour@gamil.com)','2025-01-16 03:16:33'),(3,2,'Login','Logged in successfully.','2025-01-16 03:34:45'),(4,2,'add_user','Added user: Bun Sour (bun.sour@gmail.com)','2025-01-16 03:47:32'),(5,2,'add_user','Added user: Lim Rathana (lim.rathana@gmail.com)','2025-01-16 03:49:01'),(6,2,'add_user','Added user: So Phat (so.phat@gmail.com)','2025-01-16 03:49:29'),(7,2,'add_user','Added user: Kim Vichea (kim.vichea@gmail.com)','2025-01-16 03:50:08'),(8,2,'add_user','Added user: Heng Sinath (heng.sinath@gmail.com)','2025-01-16 03:54:19'),(9,2,'Add Document','Added document: Introduction of Intelligence System','2025-01-16 03:57:13'),(10,2,'Add Document','Added document: Software Engineering','2025-01-16 04:03:04'),(11,2,'Add Document','Added document: Software Development Processes','2025-01-16 04:08:26'),(12,2,'Login','Logged in successfully.','2025-01-16 04:09:29'),(13,3,'Login','Logged in successfully.','2025-01-16 04:09:47'),(14,3,'Add Document','Added document: Introduction to System Design & Architecture for Intelligence Systems','2025-01-16 04:19:08'),(15,3,'view','Viewed file: Software Development Processes','2025-01-16 04:19:35'),(16,3,'view','Viewed file: Introduction to System Design & Architecture for Intelligence Systems','2025-01-16 04:19:44'),(17,3,'view','Viewed file: Introduction of Intelligence System','2025-01-16 04:19:53'),(18,3,'view','Viewed file: Introduction of Intelligence System','2025-01-16 04:19:57'),(19,3,'view','Viewed file: Introduction to System Design & Architecture for Intelligence Systems','2025-01-16 04:38:33'),(20,3,'view','Viewed file: Introduction to System Design & Architecture for Intelligence Systems','2025-01-16 04:44:15'),(21,3,'Made document inaccessible','Document: Introduction to System Design & Architecture for Intelligence Systems','2025-01-16 04:44:58'),(22,3,'Made document accessible','Document: Introduction to System Design & Architecture for Intelligence Systems','2025-01-16 04:44:59'),(23,3,'view','Viewed file: Introduction to System Design & Architecture for Intelligence Systems','2025-01-16 04:57:28'),(24,3,'Update Document','Updated document: Introduction to System Design & Architecture for Intelligence Systems','2025-01-16 05:06:12'),(25,3,'Update Document','Updated document: Introduction to System Design & Architecture for Intelligence Systems','2025-01-16 05:07:35'),(26,3,'Add Document','Added document: Supervised Learning in Machine Learning','2025-01-16 05:14:18'),(27,3,'view','Viewed file: Introduction to System Design & Architecture for Intelligence Systems','2025-01-16 05:20:36'),(28,3,'view','Viewed file: Supervised Learning in Machine Learning','2025-01-16 05:20:39'),(29,3,'Update Document','Updated document: Supervised Learning in Machine Learning','2025-01-16 05:40:07'),(30,3,'Update Document','Updated document: Introduction to System Design & Architecture for Intelligence Systems','2025-01-16 05:40:40'),(31,3,'Add Document','Added document: Unsupervised Learning in Machine Learning','2025-01-16 05:45:30'),(32,3,'Update Document','Updated document: Introduction to System Design & Architecture for Intelligence Systems','2025-01-16 05:45:52'),(33,4,'Login','Logged in successfully.','2025-01-16 05:51:54'),(34,4,'Add Document','Added document: Semi-supervised Learning in Machine Learning','2025-01-16 05:58:02'),(35,4,'Add Document','Added document: Reinforcement Learning in Machine Learning','2025-01-16 05:58:41'),(36,4,'Add Document','Added document: Designing an IoT Smart Parking Prototype System','2025-01-16 06:06:01'),(37,4,'Add Document','Added document: Investigation of Smart Parking Systems and Their Technologies','2025-01-16 06:07:18'),(38,4,'Add Document','Added document: Natural Language Processing (NLP)','2025-01-16 06:08:44'),(39,4,'Add Document','Added document: Fundamentals of Computer Vision','2025-01-16 06:10:07'),(40,4,'Add Document','Added document: Machine Learning Integration in Intelligence Systems','2025-01-16 06:14:37'),(41,4,'Made document inaccessible','Document: Reinforcement Learning in Machine Learning','2025-01-16 06:54:05'),(42,4,'Made document inaccessible','Document: Designing an IoT Smart Parking Prototype System','2025-01-16 06:54:05'),(43,4,'Made document accessible','Document: Reinforcement Learning in Machine Learning','2025-01-16 06:54:13'),(44,4,'Made document accessible','Document: Designing an IoT Smart Parking Prototype System','2025-01-16 06:54:13'),(45,5,'Login','Logged in successfully.','2025-01-16 06:55:06'),(46,5,'view','Viewed file: Introduction of Intelligence System','2025-01-16 07:03:28'),(47,7,'Login','Logged in successfully.','2025-01-16 07:03:51'),(48,7,'view','Viewed file: Introduction of Intelligence System','2025-01-16 07:04:04'),(49,1,'Login','Logged in successfully.','2025-01-16 07:13:50'),(50,1,'Create Backup','Created a database backup: ../../backups/backup_2025-01-16_14-14-00.sql','2025-01-16 07:14:01'),(51,1,'Update Document','Updated document: Introduction of Intelligence System','2025-01-16 07:15:15'),(52,1,'Update Document','Updated document: Software Engineering','2025-01-16 07:15:35'),(53,1,'Update Document','Updated document: Software Development Processes','2025-01-16 07:15:45'),(54,1,'Update Document','Updated document: Introduction to System Design & Architecture for Intelligence Systems','2025-01-16 07:16:18'),(55,1,'Update Document','Updated document: Supervised Learning in Machine Learning','2025-01-16 07:16:31'),(56,1,'Update Document','Updated document: Unsupervised Learning in Machine Learning','2025-01-16 07:16:41'),(57,1,'Update Document','Updated document: Semi-supervised Learning in Machine Learning','2025-01-16 07:16:55'),(58,1,'Update Document','Updated document: Reinforcement Learning in Machine Learning','2025-01-16 07:17:20'),(59,1,'Update Document','Updated document: Designing an IoT Smart Parking Prototype System','2025-01-16 07:17:43'),(60,1,'Update Document','Updated document: Investigation of Smart Parking Systems and Their Technologies','2025-01-16 07:17:59'),(61,1,'Update Document','Updated document: Natural Language Processing (NLP)','2025-01-16 07:18:20'),(62,1,'Update Document','Updated document: Fundamentals of Computer Vision','2025-01-16 07:18:33'),(63,1,'Update Document','Updated document: Machine Learning Integration in Intelligence Systems','2025-01-16 07:18:39'),(64,1,'Create Backup','Created a database backup: ../../backups/backup_2025-01-16_14-19-14.sql','2025-01-16 07:19:14'),(65,1,'Login','Logged in successfully.','2025-01-16 08:04:18'),(66,1,'view','Viewed file: Introduction of Intelligence System','2025-01-16 08:05:07'),(67,1,'view','Viewed file: Introduction to System Design & Architecture for Intelligence Systems','2025-01-16 08:05:12'),(68,1,'view','Viewed file: Software Engineering','2025-01-16 08:05:19'),(69,0,'Update Settings','Updated system settings.','2025-01-16 08:05:45'),(70,0,'Update Settings','Updated system settings.','2025-01-16 08:05:53'),(71,2,'Login','Logged in successfully.','2025-01-16 08:06:13'),(72,5,'Maintenance Mode Access','Attempted to access during maintenance mode.','2025-01-16 08:07:16'),(73,1,'Login','Logged in successfully.','2025-01-16 08:07:42'),(74,0,'Update Settings','Updated system settings.','2025-01-16 08:07:48'),(75,4,'Login','Logged in successfully.','2025-01-16 08:08:04'),(76,4,'Made document inaccessible','Document: Software Development Processes','2025-01-16 08:08:09'),(77,4,'Made document inaccessible','Document: Unsupervised Learning in Machine Learning','2025-01-16 08:08:10'),(78,4,'view','Viewed file: Natural Language Processing (NLP)','2025-01-16 08:16:46'),(79,4,'view','Viewed file: Introduction of Intelligence System','2025-01-16 08:17:25'),(80,4,'Made document accessible','Document: Software Development Processes','2025-01-16 08:44:28'),(81,4,'Made document accessible','Document: Unsupervised Learning in Machine Learning','2025-01-16 08:44:29'),(82,4,'Made document inaccessible','Document: Reinforcement Learning in Machine Learning','2025-01-16 08:59:50'),(83,4,'Made document inaccessible','Document: Investigation of Smart Parking Systems and Their Technologies','2025-01-16 08:59:51'),(84,4,'Add Document','Added document: Face Recognition in Computer Vision','2025-01-16 09:07:07'),(85,4,'Update Document','Updated document: Face Recognition in Computer Vision','2025-01-16 09:44:34'),(86,1,'Login','Logged in successfully.','2025-01-16 16:33:55'),(87,2,'Login','Logged in successfully.','2025-01-16 16:43:03'),(88,7,'Login','Logged in successfully.','2025-01-17 08:57:57'),(89,1,'Login','Logged in successfully.','2025-01-17 08:58:18'),(90,1,'Made document inaccessible','Document: Introduction of Intelligence System','2025-01-17 08:58:21'),(91,1,'Made document inaccessible','Document: Software Engineering','2025-01-17 08:58:22'),(92,1,'Made document inaccessible','Document: Software Development Processes','2025-01-17 08:58:22'),(93,1,'Made document inaccessible','Document: Introduction to System Design & Architecture for Intelligence Systems','2025-01-17 08:58:23'),(94,1,'Made document inaccessible','Document: Supervised Learning in Machine Learning','2025-01-17 08:58:23'),(95,1,'Made document inaccessible','Document: Unsupervised Learning in Machine Learning','2025-01-17 08:58:25'),(96,1,'Made document inaccessible','Document: Semi-supervised Learning in Machine Learning','2025-01-17 08:58:25'),(97,1,'Made document inaccessible','Document: Designing an IoT Smart Parking Prototype System','2025-01-17 08:58:26'),(98,1,'Made document inaccessible','Document: Machine Learning Integration in Intelligence Systems','2025-01-17 08:58:27'),(99,1,'Made document inaccessible','Document: Fundamentals of Computer Vision','2025-01-17 08:58:28'),(100,1,'Made document inaccessible','Document: Natural Language Processing (NLP)','2025-01-17 08:58:28'),(101,7,'Login','Logged in successfully.','2025-01-17 08:58:46'),(102,5,'Login','Logged in successfully.','2025-01-17 09:01:41'),(103,1,'Login','Logged in successfully.','2025-01-17 16:00:01'),(104,1,'view','Viewed file: Introduction of Intelligence System','2025-01-17 16:00:47'),(105,1,'view','Viewed file: Introduction of Intelligence System','2025-01-17 16:03:17'),(106,1,'view','Viewed file: Introduction of Intelligence System','2025-01-17 16:04:51'),(107,1,'view','Viewed file: Introduction of Intelligence System','2025-01-17 16:04:58'),(108,1,'view','Viewed file: Introduction of Intelligence System','2025-01-17 16:05:28'),(109,1,'view','Viewed file: Introduction of Intelligence System','2025-01-17 16:06:14'),(110,1,'view','Viewed file: Introduction of Intelligence System','2025-01-17 16:06:35'),(111,1,'view','Viewed file: Introduction of Intelligence System','2025-01-17 16:07:16'),(112,1,'Login','Logged in successfully.','2025-01-17 16:15:51'),(113,1,'view','Viewed file: Introduction of Intelligence System','2025-01-17 16:19:06'),(114,2,'Login','Logged in successfully.','2025-01-17 16:25:24'),(115,1,'Login','Logged in successfully.','2025-01-17 16:26:57'),(116,1,'view','Viewed file: Introduction of Intelligence System','2025-01-17 16:27:06'),(117,1,'view','Viewed file: Introduction of Intelligence System','2025-01-17 16:29:42'),(118,1,'view','Viewed file: Introduction of Intelligence System','2025-01-17 16:33:10'),(119,1,'view','Viewed file: Introduction of Intelligence System','2025-01-17 16:39:01'),(120,1,'view','Viewed file: Introduction of Intelligence System','2025-01-17 16:39:29'),(121,1,'view','Viewed file: Introduction of Intelligence System','2025-01-17 16:42:06'),(122,1,'view','Viewed file: Introduction of Intelligence System','2025-01-17 16:42:19'),(123,1,'view','Viewed file: Introduction of Intelligence System','2025-01-17 16:42:27'),(124,1,'view','Viewed file: Introduction of Intelligence System','2025-01-17 16:42:49'),(125,1,'view','Viewed file: Introduction of Intelligence System','2025-01-17 16:43:12'),(126,1,'view','Viewed file: Introduction of Intelligence System','2025-01-17 16:43:20'),(127,1,'view','Viewed file: Introduction of Intelligence System','2025-01-17 16:43:41'),(128,1,'view','Viewed file: Introduction of Intelligence System','2025-01-17 16:43:50'),(129,1,'view','Viewed file: Introduction of Intelligence System','2025-01-17 16:45:40'),(130,1,'view','Viewed file: Introduction of Intelligence System','2025-01-17 16:45:44'),(131,1,'view','Viewed file: Introduction of Intelligence System','2025-01-17 16:46:17'),(132,1,'view','Viewed file: Introduction of Intelligence System','2025-01-17 16:46:25'),(133,1,'view','Viewed file: Introduction of Intelligence System','2025-01-17 16:46:50'),(134,1,'view','Viewed file: Introduction of Intelligence System','2025-01-17 16:47:21'),(135,1,'view','Viewed file: Introduction of Intelligence System','2025-01-17 16:50:43'),(136,1,'view','Viewed file: Introduction of Intelligence System','2025-01-17 16:53:58'),(137,1,'view','Viewed file: Introduction of Intelligence System','2025-01-17 16:55:27'),(138,1,'view','Viewed file: Introduction of Intelligence System','2025-01-17 16:55:30'),(139,1,'view','Viewed file: Introduction of Intelligence System','2025-01-17 16:55:48'),(140,1,'view','Viewed file: Introduction of Intelligence System','2025-01-17 16:56:27'),(141,1,'view','Viewed file: Introduction of Intelligence System','2025-01-17 16:56:40'),(142,1,'view','Viewed file: Introduction of Intelligence System','2025-01-17 16:56:59'),(143,1,'view','Viewed file: Introduction of Intelligence System','2025-01-17 16:57:08'),(144,1,'view','Viewed file: Introduction of Intelligence System','2025-01-17 16:57:31'),(145,1,'view','Viewed file: Introduction of Intelligence System','2025-01-17 16:57:39'),(146,1,'view','Viewed file: Introduction of Intelligence System','2025-01-17 16:57:52'),(147,1,'view','Viewed file: Introduction of Intelligence System','2025-01-17 16:58:12'),(148,1,'view','Viewed file: Introduction of Intelligence System','2025-01-17 16:58:18'),(149,1,'view','Viewed file: Introduction of Intelligence System','2025-01-17 16:58:26'),(150,1,'view','Viewed file: Introduction of Intelligence System','2025-01-17 16:58:31'),(151,1,'view','Viewed file: Introduction of Intelligence System','2025-01-17 16:58:35'),(152,1,'view','Viewed file: Introduction of Intelligence System','2025-01-17 16:58:41'),(153,1,'view','Viewed file: Introduction of Intelligence System','2025-01-17 16:58:45'),(154,1,'view','Viewed file: Introduction of Intelligence System','2025-01-17 16:58:49'),(155,1,'view','Viewed file: Introduction of Intelligence System','2025-01-17 16:59:02'),(156,1,'view','Viewed file: Introduction of Intelligence System','2025-01-17 16:59:09'),(157,1,'view','Viewed file: Introduction of Intelligence System','2025-01-17 16:59:33'),(158,1,'view','Viewed file: Introduction of Intelligence System','2025-01-17 16:59:44'),(159,1,'view','Viewed file: Introduction of Intelligence System','2025-01-17 16:59:49'),(160,1,'view','Viewed file: Introduction of Intelligence System','2025-01-17 16:59:52'),(161,1,'view','Viewed file: Introduction of Intelligence System','2025-01-17 17:00:13'),(162,1,'view','Viewed file: Introduction of Intelligence System','2025-01-17 17:01:08'),(163,1,'view','Viewed file: Introduction of Intelligence System','2025-01-17 17:02:10'),(164,1,'view','Viewed file: Introduction of Intelligence System','2025-01-17 17:02:30'),(165,1,'view','Viewed file: Introduction of Intelligence System','2025-01-17 17:02:49'),(166,1,'view','Viewed file: Introduction of Intelligence System','2025-01-17 17:03:03'),(167,1,'view','Viewed file: Introduction of Intelligence System','2025-01-17 17:03:14'),(168,1,'view','Viewed file: Introduction of Intelligence System','2025-01-17 17:04:54'),(169,1,'view','Viewed file: Introduction of Intelligence System','2025-01-17 17:05:00'),(170,1,'view','Viewed file: Introduction of Intelligence System','2025-01-17 17:05:35'),(171,1,'view','Viewed file: Introduction of Intelligence System','2025-01-17 17:05:54'),(172,1,'view','Viewed file: Introduction of Intelligence System','2025-01-17 17:06:03'),(173,1,'view','Viewed file: Introduction of Intelligence System','2025-01-17 17:06:36'),(174,1,'view','Viewed file: Introduction of Intelligence System','2025-01-17 17:06:55'),(175,1,'view','Viewed file: Introduction of Intelligence System','2025-01-17 17:07:13'),(176,1,'view','Viewed file: Introduction of Intelligence System','2025-01-17 17:07:35'),(177,1,'view','Viewed file: Introduction of Intelligence System','2025-01-17 17:07:39'),(178,1,'view','Viewed file: Introduction of Intelligence System','2025-01-17 17:08:30'),(179,1,'view','Viewed file: Introduction of Intelligence System','2025-01-17 17:08:42'),(180,1,'view','Viewed file: Introduction of Intelligence System','2025-01-17 17:10:29'),(181,1,'view','Viewed file: Introduction of Intelligence System','2025-01-17 17:11:02'),(182,1,'view','Viewed file: Introduction of Intelligence System','2025-01-17 17:11:23'),(183,1,'view','Viewed file: Introduction of Intelligence System','2025-01-17 17:11:50'),(184,1,'view','Viewed file: Introduction of Intelligence System','2025-01-17 17:12:05'),(185,1,'view','Viewed file: Introduction of Intelligence System','2025-01-17 17:12:11'),(186,1,'view','Viewed file: Introduction of Intelligence System','2025-01-17 17:12:31'),(187,1,'view','Viewed file: Introduction of Intelligence System','2025-01-17 17:12:47'),(188,1,'view','Viewed file: Introduction of Intelligence System','2025-01-17 17:15:17'),(189,1,'view','Viewed file: Introduction of Intelligence System','2025-01-17 17:16:00'),(190,1,'view','Viewed file: Introduction of Intelligence System','2025-01-17 17:16:05'),(191,1,'view','Viewed file: Introduction of Intelligence System','2025-01-17 17:16:12'),(192,1,'view','Viewed file: Introduction of Intelligence System','2025-01-17 17:19:30'),(193,1,'view','Viewed file: Introduction of Intelligence System','2025-01-17 17:20:40'),(194,1,'view','Viewed file: Introduction of Intelligence System','2025-01-17 17:22:43'),(195,7,'Login','Logged in successfully.','2025-01-17 17:27:53'),(196,7,'view','Viewed file: Face Recognition in Computer Vision','2025-01-17 17:28:14'),(197,7,'view','Viewed file: Face Recognition in Computer Vision','2025-01-17 17:29:34'),(198,7,'view','Viewed file: Face Recognition in Computer Vision','2025-01-17 17:30:09'),(199,7,'view','Viewed file: Face Recognition in Computer Vision','2025-01-17 17:31:54'),(200,7,'view','Viewed file: Face Recognition in Computer Vision','2025-01-17 17:32:15'),(201,7,'view','Viewed file: Face Recognition in Computer Vision','2025-01-17 17:32:25'),(202,7,'view','Viewed file: Face Recognition in Computer Vision','2025-01-17 17:38:45'),(203,7,'view','Viewed file: Face Recognition in Computer Vision','2025-01-17 17:41:12'),(204,7,'view','Viewed file: Face Recognition in Computer Vision','2025-01-17 17:41:37'),(205,7,'view','Viewed file: Face Recognition in Computer Vision','2025-01-17 17:41:50'),(206,7,'view','Viewed file: Face Recognition in Computer Vision','2025-01-17 17:42:28'),(207,7,'view','Viewed file: Face Recognition in Computer Vision','2025-01-17 17:42:39'),(208,7,'view','Viewed file: Face Recognition in Computer Vision','2025-01-17 17:42:48'),(209,7,'view','Viewed file: Face Recognition in Computer Vision','2025-01-17 17:42:59'),(210,7,'view','Viewed file: Face Recognition in Computer Vision','2025-01-17 17:43:10'),(211,7,'view','Viewed file: Face Recognition in Computer Vision','2025-01-17 17:43:16'),(212,7,'view','Viewed file: Face Recognition in Computer Vision','2025-01-17 17:43:31'),(213,7,'view','Viewed file: Face Recognition in Computer Vision','2025-01-17 17:43:40'),(214,7,'view','Viewed file: Face Recognition in Computer Vision','2025-01-17 17:44:11'),(215,7,'view','Viewed file: Face Recognition in Computer Vision','2025-01-17 17:44:16'),(216,7,'view','Viewed file: Face Recognition in Computer Vision','2025-01-17 17:44:42'),(217,7,'view','Viewed file: Face Recognition in Computer Vision','2025-01-17 17:44:52'),(218,7,'view','Viewed file: Face Recognition in Computer Vision','2025-01-17 17:45:29'),(219,7,'view','Viewed file: Face Recognition in Computer Vision','2025-01-17 17:45:37'),(220,7,'view','Viewed file: Face Recognition in Computer Vision','2025-01-17 17:45:49'),(221,7,'view','Viewed file: Face Recognition in Computer Vision','2025-01-17 17:46:17'),(222,7,'view','Viewed file: Face Recognition in Computer Vision','2025-01-17 17:46:42'),(223,7,'view','Viewed file: Face Recognition in Computer Vision','2025-01-17 17:47:08'),(224,7,'view','Viewed file: Face Recognition in Computer Vision','2025-01-17 17:47:20'),(225,7,'view','Viewed file: Face Recognition in Computer Vision','2025-01-17 17:47:30'),(226,7,'view','Viewed file: Face Recognition in Computer Vision','2025-01-17 17:48:54'),(227,7,'view','Viewed file: Face Recognition in Computer Vision','2025-01-17 17:51:13'),(228,7,'view','Viewed file: Face Recognition in Computer Vision','2025-01-17 17:51:44'),(229,7,'view','Viewed file: Face Recognition in Computer Vision','2025-01-17 17:51:53'),(230,7,'view','Viewed file: Face Recognition in Computer Vision','2025-01-17 17:52:03'),(231,7,'view','Viewed file: Face Recognition in Computer Vision','2025-01-17 17:52:29'),(232,7,'view','Viewed file: Face Recognition in Computer Vision','2025-01-17 17:52:41'),(233,7,'view','Viewed file: Face Recognition in Computer Vision','2025-01-17 17:53:56'),(234,7,'view','Viewed file: Face Recognition in Computer Vision','2025-01-17 17:54:08'),(235,7,'view','Viewed file: Face Recognition in Computer Vision','2025-01-17 17:55:34'),(236,7,'view','Viewed file: Face Recognition in Computer Vision','2025-01-17 17:55:56'),(237,7,'view','Viewed file: Face Recognition in Computer Vision','2025-01-17 17:56:29'),(238,7,'view','Viewed file: Face Recognition in Computer Vision','2025-01-17 17:57:00'),(239,7,'view','Viewed file: Face Recognition in Computer Vision','2025-01-17 17:57:05'),(240,7,'view','Viewed file: Face Recognition in Computer Vision','2025-01-17 17:57:07'),(241,7,'view','Viewed file: Face Recognition in Computer Vision','2025-01-17 17:57:12'),(242,7,'view','Viewed file: Face Recognition in Computer Vision','2025-01-17 17:57:17'),(243,7,'view','Viewed file: Face Recognition in Computer Vision','2025-01-17 17:57:25'),(244,7,'view','Viewed file: Face Recognition in Computer Vision','2025-01-17 17:57:46'),(245,7,'view','Viewed file: Face Recognition in Computer Vision','2025-01-17 17:57:51'),(246,7,'view','Viewed file: Face Recognition in Computer Vision','2025-01-17 17:58:21'),(247,7,'view','Viewed file: Face Recognition in Computer Vision','2025-01-17 17:58:29'),(248,7,'view','Viewed file: Face Recognition in Computer Vision','2025-01-17 17:58:33'),(249,7,'view','Viewed file: Face Recognition in Computer Vision','2025-01-17 17:58:37'),(250,7,'view','Viewed file: Face Recognition in Computer Vision','2025-01-17 17:58:41'),(251,7,'view','Viewed file: Face Recognition in Computer Vision','2025-01-17 17:58:45'),(252,1,'Login','Logged in successfully.','2025-01-17 18:00:36'),(253,1,'view','Viewed file: Introduction of Intelligence System','2025-01-17 18:00:49'),(254,1,'view','Viewed file: Introduction of Intelligence System','2025-01-17 18:01:04'),(255,7,'Login','Logged in successfully.','2025-01-17 18:03:52'),(256,7,'view','Viewed file: Face Recognition in Computer Vision','2025-01-17 18:03:55'),(257,7,'view','Viewed file: Face Recognition in Computer Vision','2025-01-17 18:04:16'),(258,7,'view','Viewed file: Face Recognition in Computer Vision','2025-01-17 18:05:01'),(259,7,'view','Viewed file: Face Recognition in Computer Vision','2025-01-17 18:05:47'),(260,7,'view','Viewed file: Face Recognition in Computer Vision','2025-01-17 18:06:06'),(261,1,'Login','Logged in successfully.','2025-01-17 18:06:38'),(262,2,'Login','Logged in successfully.','2025-01-17 18:55:07'),(263,3,'Login','Logged in successfully.','2025-01-17 19:00:15'),(264,3,'Login','Logged in successfully.','2025-01-17 19:02:44'),(265,3,'view','Viewed file: Introduction to System Design & Architecture for Intelligence Systems','2025-01-17 19:02:48'),(266,4,'Login','Logged in successfully.','2025-01-17 19:04:37'),(267,4,'view','Viewed file: Semi-supervised Learning in Machine Learning','2025-01-17 19:04:42'),(268,4,'view','Viewed file: Face Recognition in Computer Vision','2025-01-17 19:04:49'),(269,6,'Login','Logged in successfully.','2025-01-17 19:05:19'),(270,6,'Login','Logged in successfully.','2025-01-17 19:05:36'),(271,6,'view','Viewed file: Face Recognition in Computer Vision','2025-01-17 19:05:38'),(272,7,'Login','Logged in successfully.','2025-01-17 19:05:57'),(273,7,'view','Viewed file: Face Recognition in Computer Vision','2025-01-17 19:06:00'),(274,7,'view','Viewed file: Face Recognition in Computer Vision','2025-01-17 19:06:07'),(275,1,'OTP Verification','OTP verified successfully.','2025-01-18 05:51:50'),(276,1,'OTP Verification','OTP verified successfully.','2025-01-18 06:32:40'),(277,2,'Login','Logged in successfully.','2025-01-18 06:33:32'),(278,2,'Made document accessible','Document: Introduction of Intelligence System','2025-01-18 06:37:53'),(279,2,'Made document inaccessible','Document: Introduction of Intelligence System','2025-01-18 06:37:54'),(280,2,'Login','Logged in successfully.','2025-01-18 07:29:23'),(281,2,'Made document accessible','Document: Introduction of Intelligence System','2025-01-18 07:29:30'),(282,2,'Made document inaccessible','Document: Introduction of Intelligence System','2025-01-18 07:29:30'),(283,2,'Made document accessible','Document: Introduction of Intelligence System','2025-01-18 08:11:27'),(284,2,'Made document inaccessible','Document: Introduction of Intelligence System','2025-01-18 08:11:28'),(285,1,'OTP Verification','OTP verified successfully.','2025-01-18 08:11:55'),(286,1,'Update Document','Updated document: Introduction of Intelligence System','2025-01-18 08:34:09'),(287,1,'Update Document','Updated document: Introduction of Intelligence System','2025-01-18 08:34:20'),(288,1,'Update Document','Updated document: Introduction of Intelligence System','2025-01-18 08:38:39'),(289,1,'Update Document','Updated document: Introduction of Intelligence System','2025-01-18 08:38:45'),(290,1,'Update Document','Updated document: Introduction of Intelligence System','2025-01-18 08:44:24'),(291,1,'Update Document','Updated document: Introduction of Intelligence System','2025-01-18 08:44:59'),(292,1,'Update Document','Updated document: Introduction of Intelligence System','2025-01-18 08:45:45'),(293,1,'Update Document','Updated document: Introduction of Intelligence System','2025-01-18 08:47:41'),(294,1,'Update Document','Updated document: Introduction of Intelligence System','2025-01-18 08:48:49'),(295,1,'Update Document','Updated document: Introduction of Intelligence System','2025-01-18 08:49:51'),(296,1,'Update Document','Updated document: Introduction of Intelligence System','2025-01-18 08:49:58'),(297,1,'Update Document','Updated document: Introduction of Intelligence System','2025-01-18 08:50:15'),(298,1,'Update Document','Updated document: Introduction of Intelligence System','2025-01-18 08:51:28'),(299,1,'OTP Verification','OTP verified successfully.','2025-01-18 08:54:11'),(300,1,'Update Document','Updated document: Software Engineering','2025-01-18 08:54:32'),(301,1,'Add Document','Added document: Agile Development Workflow','2025-01-18 08:58:34'),(302,1,'view','Viewed file: Agile Development Workflow','2025-01-18 08:58:42'),(303,2,'Login','Logged in successfully.','2025-01-18 08:59:11'),(304,2,'Update Document','Updated document: Introduction of Intelligence System','2025-01-18 09:03:56'),(305,4,'Login','Logged in successfully.','2025-01-18 09:04:49'),(306,4,'view','Viewed file: Agile Development Workflow','2025-01-18 09:04:56'),(307,4,'view','Viewed file: Semi-supervised Learning in Machine Learning','2025-01-18 09:10:13'),(308,4,'view','Viewed file: Reinforcement Learning in Machine Learning','2025-01-18 09:11:41'),(309,2,'Login','Logged in successfully.','2025-01-18 10:35:33'),(310,4,'Login','Logged in successfully.','2025-01-18 10:36:09'),(311,5,'Login','Logged in successfully.','2025-01-18 11:00:51'),(312,7,'Login','Logged in successfully.','2025-01-18 11:02:50'),(313,1,'OTP Verification','OTP verified successfully.','2025-01-18 11:04:35');
/*!40000 ALTER TABLE `tbl_activity_log` ENABLE KEYS */;
UNLOCK TABLES;

--
-- Table structure for table `tbl_comments`
--

DROP TABLE IF EXISTS `tbl_comments`;
/*!40101 SET @saved_cs_client     = @@character_set_client */;
/*!40101 SET character_set_client = utf8 */;
CREATE TABLE `tbl_comments` (
  `id` int(11) NOT NULL AUTO_INCREMENT,
  `user_id` int(11) NOT NULL,
  `document_id` int(11) NOT NULL,
  `comment` text NOT NULL,
  `timestamp` datetime NOT NULL,
  PRIMARY KEY (`id`)
) ENGINE=InnoDB AUTO_INCREMENT=18 DEFAULT CHARSET=utf8mb4 COLLATE=utf8mb4_general_ci;
/*!40101 SET character_set_client = @saved_cs_client */;

--
-- Dumping data for table `tbl_comments`
--

LOCK TABLES `tbl_comments` WRITE;
/*!40000 ALTER TABLE `tbl_comments` DISABLE KEYS */;
INSERT INTO `tbl_comments` VALUES (1,1,1,'This is a sample comment.','2023-10-05 14:30:00'),(2,2,1,'Great work on this document!','2023-10-06 09:15:00'),(3,2,1,'I have a question about section 3.','2023-10-06 11:45:00'),(4,3,1,'This is very helpful, thank you!','2023-10-07 16:20:00'),(5,4,1,'Can you clarify the last paragraph?','2023-10-08 08:00:00'),(6,1,1,'asd','2025-01-17 23:54:05'),(7,1,1,'qweqwe','2025-01-17 23:54:12'),(8,1,1,'asfadqwd','2025-01-17 23:54:19'),(9,1,1,'asdasd','2025-01-18 00:15:27'),(10,1,1,'asdasd','2025-01-18 00:19:34'),(11,1,1,'asdasd','2025-01-18 00:19:35'),(12,1,1,'asdasd','2025-01-18 00:19:36'),(13,1,1,'asdasd','2025-01-18 00:19:36'),(14,1,1,'asdasd','2025-01-18 00:19:36'),(15,1,1,'asd','2025-01-18 00:20:45'),(16,1,1,'qweqwe','2025-01-18 00:22:51'),(17,7,14,'asd','2025-01-18 01:05:50');
/*!40000 ALTER TABLE `tbl_comments` ENABLE KEYS */;
UNLOCK TABLES;

--
-- Table structure for table `tbl_documents`
--

DROP TABLE IF EXISTS `tbl_documents`;
/*!40101 SET @saved_cs_client     = @@character_set_client */;
/*!40101 SET character_set_client = utf8 */;
CREATE TABLE `tbl_documents` (
  `id` int(11) NOT NULL AUTO_INCREMENT,
  `title` varchar(255) NOT NULL,
  `description` text NOT NULL,
  `author` varchar(150) NOT NULL,
  `public_date` date DEFAULT NULL,
  `file_path` varchar(255) NOT NULL,
  `file_type` varchar(50) NOT NULL,
  `uploaded_by` int(11) NOT NULL,
  `is_accessible` tinyint(1) NOT NULL DEFAULT 1,
  `uploaded_at` timestamp NOT NULL DEFAULT current_timestamp(),
  `updated_at` timestamp NOT NULL DEFAULT current_timestamp(),
  PRIMARY KEY (`id`)
) ENGINE=InnoDB AUTO_INCREMENT=16 DEFAULT CHARSET=utf8mb4 COLLATE=utf8mb4_general_ci;
/*!40101 SET character_set_client = @saved_cs_client */;

--
-- Dumping data for table `tbl_documents`
--

LOCK TABLES `tbl_documents` WRITE;
/*!40000 ALTER TABLE `tbl_documents` DISABLE KEYS */;
INSERT INTO `tbl_documents` VALUES (1,'Introduction of Intelligence System','The document \"Introduction to Intelligence Systems\" provides an overview of Intelligent Systems, detailing their development, types, applications, and essential components. It covers various software development tools and frameworks necessary for creating these systems, including programming languages, AI frameworks, and data processing tools. Additionally, it highlights practical activities to enhance understanding and application of the concepts discussed.','Sek Socheat','2025-01-10','../../uploads/documents/doc_1_1737011715.pdf','pdf',2,0,'2025-01-16 03:57:13','2025-01-18 09:03:56'),(2,'Software Engineering','The document provides a comprehensive overview of software engineering, detailing its processes, goals, and key concepts. It distinguishes between software and software engineering, emphasizing the importance of systematic approaches for effective analysis, design, implementation, and maintenance. It discusses various types of software, characteristics of quality software like maintainability, dependability, efficiency, and usability, as well as challenges within the industry, such as cost overruns and evolving requirements. The document outlines definitions from various authors and identifies software engineering as a discipline integrating processes, methods, and tools for producing reliable and efficient applications.','Sry Chrea','2025-01-09','../../uploads/documents/doc_2_1737011735.pdf','pdf',2,0,'2025-01-16 04:03:04','2025-01-18 08:54:32'),(3,'Software Development Processes','The document \"Software Development Processes\" provides an overview of various software development methodologies, including the Waterfall Model, Iterative Refinement, Spiral Development, and Agile Development. It emphasizes standard steps in software projects—Requirements, User Interface Design, System Design, Program Development, and Acceptance and Release—while contrasting heavyweight processes with comprehensive documentation and minimal changes against lightweight processes that accept changes with less documentation. Each methodology has its own strengths, focusing on aspects such as client collaboration in Agile and risk management in Spiral approaches.','Sry Chrea','2025-01-01','../../uploads/documents/doc_3_1737011745.pdf','pdf',2,0,'2025-01-16 04:08:26','2025-01-17 08:58:22'),(4,'Introduction to System Design & Architecture for Intelligence Systems','The document titled \"Introduction to System Design & Architecture for Intelligent Systems\" discusses key elements related to developing intelligent systems, focusing on three main areas: problem formulation, which includes identifying real-world problems suitable for AI; system design, which covers architecture, modularity, and integration; and ethical and regulatory considerations associated with intelligent systems. It also incorporates practical activities and examples across various industries, emphasizing how AI can enhance efficiency and innovation.','Sek Socheat','2025-01-01','../../uploads/documents/doc_4_1737011778.pdf','pdf',3,0,'2025-01-16 04:19:08','2025-01-17 08:58:23'),(5,'Supervised Learning in Machine Learning','The document \"Supervised Learning in Machine Learning\" explores the fundamentals of supervised learning, a key area of machine learning characterized by the use of labeled data. It focuses on two primary types: **classification**, which aims to predict discrete categories (e.g., spam detection), and **regression**, which predicts continuous values (e.g., house prices). The content delves into various algorithms, real-world applications, and the processes involved in training, predicting, and evaluating models in these two domains.','Sek Socheat','2025-01-01','../../uploads/documents/doc_5_1737011791.pdf','pdf',3,0,'2025-01-16 05:14:18','2025-01-17 08:58:23'),(6,'Unsupervised Learning in Machine Learning','Unsupervised learning is a branch of machine learning that analyzes datasets without labeled outputs to discover patterns and structures. Key types include clustering, dimensionality reduction, and anomaly detection, with popular algorithms such as K-Means, Hierarchical Clustering, DBSCAN, PCA, and Autoencoders. This approach is widely used for applications like customer segmentation and image processing. Challenges include the absence of labeled data for evaluation, interpretability issues, and sensitivity to algorithm parameters.','Sek Socheat','2025-01-01','../../uploads/documents/doc_6_1737011801.pdf','pdf',3,0,'2025-01-16 05:45:30','2025-01-17 08:58:25'),(7,'Semi-supervised Learning in Machine Learning','Semi-supervised learning (SSL) is a machine learning approach that combines a small amount of labeled data with a large set of unlabeled data to improve model accuracy. SSL reduces the need for expensive labeled data while enhancing generalization by leveraging the underlying data distribution. Common methods used in SSL include self-training, co-training, generative models, and graph-based learning, with algorithms such as Variational Autoencoders and Generative Adversarial Networks. Applications span various fields like natural language processing, computer vision, and healthcare, though SSL can face challenges like assumption dependence and label noise.','Sek Socheat','2025-01-01','../../uploads/documents/doc_7_1737011815.pdf','pdf',4,0,'2025-01-13 05:58:02','2025-01-17 08:58:25'),(8,'Reinforcement Learning in Machine Learning','Reinforcement Learning (RL) is a branch of machine learning where agents learn optimal behaviors through interaction with their environment, focusing on maximizing cumulative rewards. Key characteristics include agent-environment interaction, trial-and-error learning, and the use of policies and value functions. RL is divided into model-based and model-free types, with algorithms such as Q-learning, SARSA, and Actor-Critic. Applications range from gaming and robotics to finance and healthcare, although challenges like sample efficiency and exploration-exploitation trade-off remain significant.','Sek Socheat','2025-01-01','../../uploads/documents/doc_8_1737011840.pdf','pdf',4,0,'2025-01-14 05:58:41','2025-01-16 08:59:50'),(9,'Designing an IoT Smart Parking Prototype System','The research paper presents a design and development of an IoT-based smart parking system that utilizes existing USB CCTV cameras to improve parking services in urban areas. Emphasizing User-Centered Design (UCD) principles, the study integrates stakeholder feedback to address common parking challenges. The proposed low-cost system avoids extensive infrastructural changes by leveraging current CCTV infrastructure to monitor parking space availability. This approach aligns with Smart City initiatives and highlights the importance of stakeholder involvement in creating effective IT tools for better parking management.','Muftah Fraifer, Mikael Fernström','2025-01-01','../../uploads/documents/doc_9_1737011863.pdf','pdf',4,0,'2025-01-14 06:06:01','2025-01-17 08:58:26'),(10,'Investigation of Smart Parking Systems and Their Technologies','The paper titled \"Investigation of Smart Parking Systems and their technologies\" provides a comprehensive literature review of smart parking systems, synthesizing findings from over 60 academic publications from the past 15 years. It highlights advancements in sensing and communication technologies while identifying significant research gaps, particularly the lack of stakeholder involvement in evaluating smart parking solutions. The research underscores the urgency in addressing traffic congestion and environmental issues related to parking searches, suggesting that traditional systems fail to provide real-time availability information for parking spaces. Overall, the study emphasizes the need for more innovative parking solutions to tackle contemporary urban challenges.','Muftah Fraifer, Mikael Fernström','2025-01-01','../../uploads/documents/doc_10_1737011879.pdf','pdf',4,0,'2025-01-15 06:07:18','2025-01-16 08:59:51'),(11,'Natural Language Processing (NLP)','The document discusses the integration of Natural Language Processing (NLP) into intelligence systems, emphasizing its role in enhancing interactions and automation. NLP enables machines to interpret and generate human language, which is crucial for applications in healthcare, finance, and customer support. Key tasks include information retrieval, semantic understanding, dialogue systems, and sentiment analysis. A practical example provided is a grammar-based translation system that converts English to Khmer. The architecture of NLP integration is outlined as a pipeline involving data preprocessing, feature extraction, and reasoning components, facilitating nuanced user interactions and decision-making.','Sek Socheat','2025-01-01','../../uploads/documents/doc_11_1737011900.pdf','pdf',4,0,'2025-01-16 06:08:44','2025-01-17 08:58:28'),(12,'Fundamentals of Computer Vision','The document provides a comprehensive overview of Computer Vision, a field that enables machines to interpret visual data, with applications ranging from object recognition and autonomous vehicles to medical imaging and augmented reality. It outlines the vision pipeline, which includes image acquisition, preprocessing, and feature extraction techniques, such as edge detection (Sobel and Canny), keypoint detection (SIFT, SURF, ORB), and Histogram of Oriented Gradients (HOG). Additionally, it features practical coding activities in Python using libraries like OpenCV, enabling hands-on experience with these concepts.','Sek Socheat','2025-01-01','../../uploads/documents/doc_12_1737011913.pdf','pdf',4,0,'2025-01-16 06:10:07','2025-01-17 08:58:28'),(13,'Machine Learning Integration in Intelligence Systems','The document examines the integration of Machine Learning (ML) into Intelligent Systems (IS) to enhance decision-making. IS, which emulates human decision-making using knowledge bases and inference engines, is widely applied in fields like healthcare and business. ML enables systems to learn from data, with key discussions focusing on challenges in combining ML with traditional IS, the role of Reinforcement Learning (RL), and Adaptive Intelligence Systems that evolve with user feedback. Practical examples, such as an IT Helpdesk Chatbot, highlight how ML improves IS through sentiment analysis, personalized responses, and the importance of explainability and continuous updates.','Sek Socheat','2025-01-01','../../uploads/documents/doc_13_1737011919.pdf','pdf',4,0,'2025-01-16 06:14:37','2025-01-17 08:58:27'),(14,'Face Recognition in Computer Vision','The document discusses face recognition technology, which is a biometric system designed to identify or verify individuals from digital images or video frames. It highlights the process of feature extraction, focusing on unique facial attributes such as the eyes, nose, and mouth to create a facial signature. The document also outlines various applications of this technology, particularly in security for surveillance systems and restricted access areas, as well as in authentication for unlocking devices and attendance systems. Additionally, it mentions the use of advanced methods like Histogram of Oriented Gradients (HOG) and deep learning embeddings for feature extraction. The file further explains the distance metrics used in face recognition, including Cosine Similarity and Euclidean Distance, which help measure the similarity between facial features .','Sek Socheat','2025-01-01','../../uploads/documents/doc_14_1737020674.pdf','pdf',4,1,'2025-01-16 09:07:07','2025-01-16 09:44:34'),(15,'Agile Development Workflow','This image outlines the key stages of the Agile development methodology, including Planning, Development, Testing, Implementation, and Deployment. It highlights the iterative and collaborative approach used in Agile to deliver high-quality software efficiently.','GeeksforGeeks','2024-09-23','../../uploads/documents/doc_15.png','png',1,1,'2025-01-18 08:58:34','2025-01-18 08:58:34');
/*!40000 ALTER TABLE `tbl_documents` ENABLE KEYS */;
UNLOCK TABLES;

--
-- Table structure for table `tbl_system_settings`
--

DROP TABLE IF EXISTS `tbl_system_settings`;
/*!40101 SET @saved_cs_client     = @@character_set_client */;
/*!40101 SET character_set_client = utf8 */;
CREATE TABLE `tbl_system_settings` (
  `id` int(11) NOT NULL AUTO_INCREMENT,
  `app_name` varchar(255) NOT NULL,
  `max_upload_size` int(11) NOT NULL,
  `allowed_file_types` varchar(255) NOT NULL,
  `maintenance_mode` tinyint(1) NOT NULL DEFAULT 0,
  PRIMARY KEY (`id`)
) ENGINE=InnoDB AUTO_INCREMENT=2 DEFAULT CHARSET=utf8mb4 COLLATE=utf8mb4_general_ci;
/*!40101 SET character_set_client = @saved_cs_client */;

--
-- Dumping data for table `tbl_system_settings`
--

LOCK TABLES `tbl_system_settings` WRITE;
/*!40000 ALTER TABLE `tbl_system_settings` DISABLE KEYS */;
INSERT INTO `tbl_system_settings` VALUES (1,'Document Management System',10,'pdf,doc,docx,ppt,csv,jpg,jpeg,png',0);
/*!40000 ALTER TABLE `tbl_system_settings` ENABLE KEYS */;
UNLOCK TABLES;

--
-- Table structure for table `tbl_users`
--

DROP TABLE IF EXISTS `tbl_users`;
/*!40101 SET @saved_cs_client     = @@character_set_client */;
/*!40101 SET character_set_client = utf8 */;
CREATE TABLE `tbl_users` (
  `id` int(11) NOT NULL AUTO_INCREMENT,
  `name` varchar(150) NOT NULL,
  `email` varchar(200) NOT NULL,
  `password` varchar(200) NOT NULL,
  `role` varchar(50) NOT NULL,
  `image_path` varchar(250) NOT NULL,
  `two_factor_auth` int(11) NOT NULL DEFAULT 0,
  `created_at` timestamp NOT NULL DEFAULT current_timestamp(),
  `updated_at` timestamp NOT NULL DEFAULT current_timestamp(),
  PRIMARY KEY (`id`)
) ENGINE=InnoDB AUTO_INCREMENT=8 DEFAULT CHARSET=utf8mb4 COLLATE=utf8mb4_general_ci;
/*!40101 SET character_set_client = @saved_cs_client */;

--
-- Dumping data for table `tbl_users`
--

LOCK TABLES `tbl_users` WRITE;
/*!40000 ALTER TABLE `tbl_users` DISABLE KEYS */;
INSERT INTO `tbl_users` VALUES (1,'Ly Heng','ly.heng@gmail.com','$2y$10$WdpQGFX6tTJO2W4580hrXul8VTohO4/BFtTH3vUZmB4swD7lMpRg.','superadmin','',1,'2025-01-16 02:39:37','2025-01-16 02:39:37'),(2,'Kim Sour','kim.sour@gamil.com','$2y$10$LIrHn6BDXdnyjV4Fo.IJ9OPa6xYH..DToNeLgd8QDV/va9vzaAI1a','admin','',0,'2025-01-16 03:16:33','2025-01-16 03:16:33'),(3,'Bun Sour','bun.sour@gmail.com','$2y$10$PkKW93uOFZiifLZ5r14Lm.NcRLTbXy9n4DcVRRcTrrhM5SSPusfAG','lecturer','',0,'2025-01-16 03:47:32','2025-01-16 03:47:32'),(4,'Lim Rathana','lim.rathana@gmail.com','$2y$10$9in/naEnuo.f4RWUklzLpO8rotG2sF5XnwJcUaU1X5/rTV..W4xPG','lecturer','',0,'2025-01-16 03:49:01','2025-01-16 03:49:01'),(5,'So Phat','so.phat@gmail.com','$2y$10$97IvXdoaBrSfO2rERe7Q4uJ5odt5/f38NDqno52DHe1CIeVSm/diy','student','',0,'2025-01-16 03:49:29','2025-01-16 03:49:29'),(6,'Kim Vichea','kim.vichea@gmail.com','$2y$10$RfHKKOihE7aGRVR19gSqb.Wd54UjPD27bsYxYz3YClbBWtEIAJKL6','student','',0,'2025-01-16 03:50:08','2025-01-16 03:50:08'),(7,'Heng Sinath','heng.sinath@gmail.com','$2y$10$5veRbWUzL72R/Qc.bApVVusX95AAcQBTtEoKIaHYYuBxWdVXKxujq','outsider','',0,'2025-01-16 03:54:19','2025-01-16 03:54:19');
/*!40000 ALTER TABLE `tbl_users` ENABLE KEYS */;
UNLOCK TABLES;

--
-- Table structure for table `tbl_validate`
--

DROP TABLE IF EXISTS `tbl_validate`;
/*!40101 SET @saved_cs_client     = @@character_set_client */;
/*!40101 SET character_set_client = utf8 */;
CREATE TABLE `tbl_validate` (
  `id` int(11) NOT NULL AUTO_INCREMENT,
  `user_id` int(11) NOT NULL,
  `token` varchar(250) DEFAULT NULL,
  `otp` int(11) DEFAULT NULL,
  `expires_at` datetime NOT NULL,
  `created_at` timestamp NOT NULL DEFAULT current_timestamp(),
  PRIMARY KEY (`id`)
) ENGINE=InnoDB AUTO_INCREMENT=35 DEFAULT CHARSET=utf8mb4 COLLATE=utf8mb4_general_ci;
/*!40101 SET character_set_client = @saved_cs_client */;

--
-- Dumping data for table `tbl_validate`
--

LOCK TABLES `tbl_validate` WRITE;
/*!40000 ALTER TABLE `tbl_validate` DISABLE KEYS */;
INSERT INTO `tbl_validate` VALUES (29,1,NULL,148176,'2025-01-18 07:00:52','2025-01-17 23:50:52'),(30,1,NULL,204627,'2025-01-18 07:42:22','2025-01-18 00:32:22'),(31,1,NULL,601458,'2025-01-18 09:21:48','2025-01-18 02:11:48'),(32,1,NULL,681461,'2025-01-18 10:04:06','2025-01-18 02:54:06'),(33,1,NULL,869074,'2025-01-18 12:13:55','2025-01-18 05:03:55'),(34,1,NULL,572014,'2025-01-18 12:14:24','2025-01-18 05:04:24');
/*!40000 ALTER TABLE `tbl_validate` ENABLE KEYS */;
UNLOCK TABLES;
/*!40103 SET TIME_ZONE=@OLD_TIME_ZONE */;

/*!40101 SET SQL_MODE=@OLD_SQL_MODE */;
/*!40014 SET FOREIGN_KEY_CHECKS=@OLD_FOREIGN_KEY_CHECKS */;
/*!40014 SET UNIQUE_CHECKS=@OLD_UNIQUE_CHECKS */;
/*!40101 SET CHARACTER_SET_CLIENT=@OLD_CHARACTER_SET_CLIENT */;
/*!40101 SET CHARACTER_SET_RESULTS=@OLD_CHARACTER_SET_RESULTS */;
/*!40101 SET COLLATION_CONNECTION=@OLD_COLLATION_CONNECTION */;
/*!40111 SET SQL_NOTES=@OLD_SQL_NOTES */;

-- Dump completed on 2025-01-18 18:04:39
